<?xml version="1.0" encoding="UTF-8"?>
<metadata xml:lang="en"><Esri><CreaDate>20120913</CreaDate><CreaTime>19583500</CreaTime><ArcGISFormat>1.0</ArcGISFormat><SyncOnce>TRUE</SyncOnce><DataProperties><itemProps><itemLocation><linkage Sync="TRUE">file://\\WXYSERVER02\projects\Boston PS_Geospatial Analysis\04_DWGS_PRESENTATIONS\GIS\SHAPE\OnlineMap_Shapes\Schools_ELL\23Zones\Schools_K0_Gr.5_9zones_ELL</linkage><protocol Sync="TRUE">Local Area Network</protocol></itemLocation></itemProps><copyHistory><copy source="M:\Boston PS_Geospatial Analysis\04_DWGS_PRESENTATIONS\GIS\SHAPE\OnlineMap_Shapes\Schools_ELL\9Zones\Schools_K0_Gr.5_9zones_ELL" dest="\\WXYSERVER02\projects\Boston PS_Geospatial Analysis\04_DWGS_PRESENTATIONS\GIS\SHAPE\OnlineMap_Shapes\Schools_ELL\23Zones\Schools_K0_Gr.5_9zones_ELL" date="20120913" time="19583500"></copy></copyHistory></DataProperties></Esri></metadata>
