<?xml version="1.0" encoding="UTF-8"?>
<metadata xml:lang="en"><Esri><CreaDate>20120919</CreaDate><CreaTime>16122300</CreaTime><ArcGISFormat>1.0</ArcGISFormat><SyncOnce>TRUE</SyncOnce><DataProperties><itemProps><itemLocation><linkage Sync="TRUE">file://\\WXYSERVER02\projects\Boston PS_Geospatial Analysis\04_DWGS_PRESENTATIONS\GIS\SHAPE\OnlineMap_Shapes\Zones\6Zone</linkage><protocol Sync="TRUE">Local Area Network</protocol></itemLocation></itemProps><copyHistory><copy source="M:\Boston PS_Geospatial Analysis\04_DWGS_PRESENTATIONS\GIS\SHAPE\ScenarioBoundaries\6Zones\6Zones_EditedSept19\6Zone" dest="\\WXYSERVER02\projects\Boston PS_Geospatial Analysis\04_DWGS_PRESENTATIONS\GIS\SHAPE\OnlineMap_Shapes\Zones\6Zone" date="20120919" time="16122300"></copy></copyHistory></DataProperties></Esri></metadata>
