<?xml version="1.0" encoding="UTF-8"?>
<metadata xml:lang="en"><Esri><CreaDate>20120913</CreaDate><CreaTime>20035000</CreaTime><ArcGISFormat>1.0</ArcGISFormat><SyncOnce>TRUE</SyncOnce><DataProperties><itemProps><itemLocation><linkage Sync="TRUE">file://\\WXYSERVER02\projects\Boston PS_Geospatial Analysis\04_DWGS_PRESENTATIONS\GIS\SHAPE\OnlineMap_Shapes\Schools_ELL\6Zones\Schools_K0_Gr.5_ELLzones</linkage><protocol Sync="TRUE">Local Area Network</protocol></itemLocation></itemProps><copyHistory><copy source="M:\Boston PS_Geospatial Analysis\04_DWGS_PRESENTATIONS\GIS\SHAPE\Schools\Schools_K0_Gr5\Schools_K0_Gr.5sample_zones\ELLZones\6Zones\Schools_K0_Gr.5_ELLzones" dest="\\WXYSERVER02\projects\Boston PS_Geospatial Analysis\04_DWGS_PRESENTATIONS\GIS\SHAPE\OnlineMap_Shapes\Schools_ELL\6Zones\Schools_K0_Gr.5_ELLzones" date="20120913" time="20035000"></copy></copyHistory></DataProperties></Esri></metadata>
